"","filename","colour","start","end"
"1","Colour_game_01_1_Nepal-Indonesia_After_one_week.eaf",7,"0 min 17 sec","0 min 19 sec"
"2","Colour_game_01_1_Nepal-Indonesia_After_one_week.eaf",18,"1 min 9 sec","3 min 12 sec"
"31","Colour_game_01_1_Jordan-India_After_one_week.eaf",6,"2 min 33 sec","2 min 34 sec"
"36","Colour_game_01_1_Jordan-India_After_one_week.eaf",14,"29 min 26 sec","29 min 27 sec"
"37","Colour_game_01_2_Nepal-India_After_one_week.eaf",7,"0 min 59 sec","1 min 0 sec"
"38","Colour_game_01_2_Jordan-Indonesia_After_one_week.eaf",18,"1 min 58 sec","2 min 10 sec"
"45","Colour_game_01_2_Jordan-Indonesia_After_one_week.eaf",24,"8 min 22 sec","8 min 35 sec"
"53","Colour_game_01_2_Nepal-India_After_one_week.eaf",6,"17 min 18 sec","17 min 19 sec"
"55","Colour_game_01_2_Nepal-India_After_one_week.eaf",1,"18 min 3 sec","18 min 5 sec"
"56","Colour_game_01_3_Indonesia-India_After_one_week.eaf",5,"11 min 0 sec","11 min 51 sec"
